{
  "properties": {
    "connectionReferences": {
      "shared_office365": {
        "runtimeSource": "invoker",
        "connection": {
          "connectionReferenceLogicalName": "dio_sharedoffice365_3e509"
        },
        "api": {
          "name": "shared_office365"
        }
      }
    },
    "definition": {
      "$schema": "https://schema.management.azure.com/providers/Microsoft.Logic/schemas/2016-06-01/workflowdefinition.json#",
      "contentVersion": "1.0.0.0",
      "parameters": {
        "$connections": {
          "defaultValue": {},
          "type": "Object"
        },
        "$authentication": {
          "defaultValue": {},
          "type": "SecureObject"
        }
      },
      "triggers": {
        "manual": {
          "metadata": {
            "operationMetadataId": "913e5662-0ff4-4028-993e-d370b10196ea"
          },
          "type": "Request",
          "kind": "PowerAppV2",
          "inputs": {
            "schema": {
              "type": "object",
              "properties": {
                "email": {
                  "title": "Email",
                  "type": "string",
                  "format": "email",
                  "x-ms-dynamically-added": true,
                  "description": "Digite um endereço de email",
                  "x-ms-content-hint": "EMAIL"
                },
                "text": {
                  "title": "Entrada",
                  "type": "string",
                  "x-ms-dynamically-added": true,
                  "description": "Insira sua entrada",
                  "x-ms-content-hint": "TEXT"
                },
                "text_1": {
                  "title": "Entrada 1",
                  "type": "string",
                  "x-ms-dynamically-added": true,
                  "description": "Insira sua entrada",
                  "x-ms-content-hint": "TEXT"
                }
              },
              "required": [
                "email",
                "text",
                "text_1"
              ]
            }
          }
        }
      },
      "actions": {
        "Enviar_um_email_(V2)": {
          "runAfter": {},
          "metadata": {
            "operationMetadataId": "b90be514-3213-4684-b1a4-79f6c4acdd82"
          },
          "type": "OpenApiConnection",
          "inputs": {
            "host": {
              "connectionName": "shared_office365",
              "operationId": "SendEmailV2",
              "apiId": "/providers/Microsoft.PowerApps/apis/shared_office365"
            },
            "parameters": {
              "emailMessage/To": "@triggerBody()['email']",
              "emailMessage/Subject": "Novo Curso Habilitado",
              "emailMessage/Body": "<p>Olá @{triggerBody()['text']}<br>\nGostaria de avisar que o @{triggerBody()['text_1']} foi habilitado para você!<br>\nBom trabalho!</p>",
              "emailMessage/Importance": "Normal"
            },
            "authentication": "@parameters('$authentication')"
          }
        }
      }
    },
    "templateName": null
  },
  "schemaVersion": "1.0.0.0"
}